NOMBRE,DESCRIPCION-ENTIDAD,HORARIO,EQUIPAMIENTO,TRANSPORTE,ACCESIBILIDAD,CONTENT-URL,NOMBRE-VIA,CLASE-VIAL,TIPO-NUM,NUM,LOCALIDAD,PROVINCIA,CODIGO-POSTAL,BARRIO,DISTRITO,COORDENADA-X,COORDENADA-Y,LATITUD,LONGITUD,TELEFONO,EMAIL
Casa Museo Lope de Vega,"'Mi casilla, mi quietud, mi g&amp;uuml;ertecillo y estudio'. Así define su casa Félix Lope de Vega (1562-1635) en una carta dirigida a un amigo. Situada en pleno centro histórico, en el Barrio de las Letras, la Casa Museo Lope de Vega se ubica en el edificio donde el escritor vivió sus últimos 25 años. La recreación de ambientes, cuyo objetivo es que se respire la presencia de Lope, evoca la vida cotidiana del Siglo de Oro y nos acerca a su intimidad. El equipamiento de la casa incorpora obras de arte, mobiliario, enseres y ediciones bibliográficas vinculadas al literato y su tiempo.","De martes a domingo, de 10 a 18 horas.  Cerrado los lunes, días 1 y 6 de enero, 1 de mayo, 9 de noviembre y 24, 25 y 31 de diciembre. El acceso al museo se hace mediante visitas guiadas en grupo. Es imprescindible reservar con antelación, por teléfono o correo electrónico.",Equipamiento no disponible,"Metro: Antón Martín (línea 1), Sevilla (línea 2), Sol (líneas 1, 2 y 3).  Bus: 002, M1, 001, 10, 14, 27, 34, 37, 45, C03, 26, 32, 6, 51,   Cercanías Renfe:  Sol (líneas C3 y C4).   Bicimad: Estaciones 27 (calle Jesús), 52 (plaza de Santa Ana, 10), 29 (calle Marqués de Cubas, 25).  Aparcamientos: Cortes (46), plaza de las Cortes; plaza de Santa Ana (77).","['No accesible', 'Lengua de signos']",http://www.madrid.es/sites/v/index.jsp?vgnextchannel=bfa48ab43d6bb410VgnVCM100000171f5a0aRCRD&vgnextoid=4eff8c46145e8110VgnVCM2000000c205a0aRCRD,CERVANTES,CALLE,V,11.0,MADRID,MADRID,28014,CORTES,CENTRO,440825,4473983,40.41435846655524,-3.6974741545860015,914 299 216,casamuseolopedevega@madrid.org
Casita - Museo del Ratón Pérez,"La Casita-Museo de Ratón Pérez, constituye un singular lugar que da la bienvenida a cuantos visitantes allí acuden con el deseo de conocer y encontrarse con este extraordinario, único, madrileño y universal ratón.",Visitas:     Lunes: 11 a 14 horas.   Martes a viernes: 11 a 14 y 17 a 20 horas.   Sábados: 11 a 14:30 y 16 a 20 horas.   Domingos y festivos: 11 a 14:30 y 16 a 20 horas (cerrado 25 de diciembre y 1 y 6 de enero).,Equipamiento no disponible,"Metro: Sol (líneas: 1, 2 y 3), Ópera (líneas 2, 5 y Ramal Ópera Príncipe Pío), Callao (líneas 3, 5).  Bus: 50.  Cercanías Renfe: Sol (líneas C3, C4, C4a, C4b y Regional).  Bicimad: Estaciones 31 (calle Mayor, 20), 25 a y b (Plaza Celenque, 1).  Aparcamientos: El Core Inglés Preciados (93) calle Preciados; Descalzas (20) plaza Descalzas y plaza San Martín; plaza del Carmen (8); plaza Mayor (55).",['No accesible'],http://www.madrid.es/sites/v/index.jsp?vgnextchannel=bfa48ab43d6bb410VgnVCM100000171f5a0aRCRD&vgnextoid=990950e86d4ca110VgnVCM2000000c205a0aRCRD,ARENAL,CALLE,V,8.0,MADRID,MADRID,28013,SOL,CENTRO,440144,4474287,40.4170597715272,-3.705519933444249,915 226 968,info@casamuseoratonperez.es
Castillo de la Alameda,"El Castillo de la Alameda o de Barajas se trata de uno de los escasos vestigios de la arquitectura militar del pasado siglo XV y uno de los pocos castillos que ha sobrevivido al paso del tiempo. Bajo él y su entorno, existen restos de asentamientos antiguos desde la Edad del Bronce hasta la Época Romana.En el edificio se realizan talleres para escolares y actividades en verano.","Abierto solo en fin de semana (sábado y domingo) y festivos (lunes festivos incluidos)  Del 1 de abril al 15 de junio de 10 a 21 horas. Del 16 de junio al 15 de septiembre de 10 a 20 horas. Del 15 al 30 de septiembre de 10 a 21 horas. De octubre a marzo de 10 a 18 horas.  Cerrado: 1 y 6 de enero, 1 de mayo, 24, 25 y 31 de diciembre.",Equipamiento no disponible,"Metro: Alameda de Osuna y El Capricho (línea 5). Bus: 101, 105, 112, 114, 115 y 151.","['Accesible', 'Bucle de inducción magnético']",http://www.madrid.es/sites/v/index.jsp?vgnextchannel=bfa48ab43d6bb410VgnVCM100000171f5a0aRCRD&vgnextoid=fe43c4be8e688210VgnVCM1000000b205a0aRCRD,ANTONIO SANCHA,CALLE,V,1.0,MADRID,MADRID,28042,ALAMEDA DE OSUNA,BARAJAS,449698,4478802,40.45835460563491,-3.5932903820278788,913 667 415,castilloalameda@madrid.es
Casón del Buen Retiro.,"El Centro de Estudios del Prado está ubicado en el Casón del Buen Retiro, que aloja además la Biblioteca, el Archivo, el Centro de Documentación y los Departamentos de Conservación del Museo Nacional del Prado.",Primavera y verano (de abril a septiembre): desde las 6 hasta las 24 h. Otoño e invierno (de octubre a marzo): desde las 6 hasta las 22 h.,Equipamiento no disponible,"Metro: Estación del Arte (línea 1), Banco de España (línea 2).  Bus: 19.  Cercanías Renfe: Atocha (líneas C1, C2, C3, C4, C4a, C4b, C5, C7 y C10).  Bicimad: Estación 65 (calle Antonio Maura, 15).  Parking: Montalbán (49), C/ Montalbán (entre C/ Alfonso XI y Paseo del Prado).",['Accesible'],http://www.madrid.es/sites/v/index.jsp?vgnextchannel=bfa48ab43d6bb410VgnVCM100000171f5a0aRCRD&vgnextoid=f0443d0b5e71c010VgnVCM1000000b205a0aRCRD,ALFONSO XII,CALLE,V,28.0,MADRID,MADRID,28014,LOS JERONIMOS,RETIRO,441525,4474078,40.41527545361461,-3.689222446432277,902 10 70 77,centro.estudios@museodelprado.es
Centro Cultural La Corrala. Museo de Artes y Tradiciones Populares,Descripción no disponible,"Lunes a viernes de 10 a 20 horas. Sábados de 10 a 14 horas. Cerrado domingos, festivos y mes de agosto, 24 y 31 diciembre.",Las visitas individuales (grupos inferiores a 7 personas) no necesitan reserva previa. Reservas (Grupos de 8 a 20 personas máximo).,"Metro: La Latina (línea 5)  Bus: 002, 17, 18, 23, 35, 60.  Bicimad: Estaciones 39 (plaza de la Cebada, 16), 45 (glorieta de la Puerta de Toledo, 1), 44 (calle Mesón de Paredes, 35).",['Sin información sobre accesibilidad para personas con movilidad reducida'],http://www.madrid.es/sites/v/index.jsp?vgnextchannel=bfa48ab43d6bb410VgnVCM100000171f5a0aRCRD&vgnextoid=5c39ef4d7f71c010VgnVCM1000000b205a0aRCRD,CARLOS ARNICHES,CALLE,V,3.0,MADRID,MADRID,28005,EMBAJADORES,CENTRO,439899,4473375,40.408827275648434,-3.7083241323093614,914 976 500,museoatp@uam.es / lacorrala@uam.es
Ermita de San Antonio de la Florida (Museo),"Ermita dedicada a San Antonio de Padua y pequeño museo. Las pinturas murales que la decoran son de Francisco de Goya. Alberga los restos mortales del artista desde 1919. Para preservar sus pinturas, en 1929 se trasladó el culto a una ermita gemela construida a su lado, dejando el edificio original como museo.","General   De martes a domingos de 9:30 a 20 horas.   Verano (del 15 de junio al 15 de septiembre)   De martes a viernes de 9:30 a 14 horas y de 15 a 19 horas. Sábados y domingos de 9:30 a 19 horas.   Cerrado:  lunes (incluidos festivos), 1 y 6 de enero, 1 de mayo, 24, 25 y 31 de diciembre.  Último pase de visita: 20 minutos antes del cierre (el desalojo de las salas comenzará 10 minutos antes) Este horario y la apertura de salas pueden sufrir modificaciones.","Tienda, en la que se pueden adquirir las guías y publicaciones sobre la ermita editadas por el Museo y otros organismos públicos, así como catálogos y publicaciones de instituciones culturales del Ayuntamiento de Madrid.","Metro: Príncipe Pío (líneas 5, 10 y ramal Ópera - Príncipe Pío)  Bus: 41, 46 y 75 (Intercambiador Príncipe Pío)  Renfe: Príncipe Pío  BICIMAD: Estación 161 (Paseo de la Florida 8)","['Instalación parcialmente accesible para personas con movilidad reducida', 'Bucle de inducción magnético']",http://www.madrid.es/sites/v/index.jsp?vgnextchannel=bfa48ab43d6bb410VgnVCM100000171f5a0aRCRD&vgnextoid=75950204770e7310VgnVCM2000000c205a0aRCRD,SAN ANTONIO DE LA FLORIDA,GLORIETA,V,5.0,MADRID,MADRID,28008,CASA DE CAMPO,MONCLOA-ARAVACA,438439,4475212,40.425256682855846,-3.725725718176111,915 420 722 o 683 429 760,sanantonio@madrid.es
Espacio Fundación Telefónica,Descripción no disponible,"De martes a domingo, de 10 a 20 horas. Cerrado al público todos los lunes y días 25 de diciembre, 1 y 6 de enero.",Equipamiento no disponible,"Metro: Gran Vía (líneas 1 y 5).  Bus: 001, 002, 1, 146, 2, 46, 74, 3.  Bicimad: Estaciones 211 (calle Desengaño, 1), 210 (calle Tres Cruces, 7), 18 (plaza de Pedro Zerolo, 1).  Aparcamientos: Barco 1 (88), Calle Barco; Pedro Zerolo (71), plaza Pedro Zerolo sin número; plaza del Carmen (8).",['Accesible'],http://www.madrid.es/sites/v/index.jsp?vgnextchannel=bfa48ab43d6bb410VgnVCM100000171f5a0aRCRD&vgnextoid=87748ed67151c010VgnVCM2000000c205a0aRCRD,FUENCARRAL,CALLE,V,3.0,MADRID,MADRID,28004,UNIVERSIDAD,CENTRO,440480,4474658,40.42042493125648,-3.701594573150366,915 808 700 (información general) / 659 158 011 (visitas guiadas y talleres educativos),espacio@fundaciontelefonica.com
Fundación AMYC (Arte Moderno y Contemporáneo). Casa Museo Fuente del Rey,Descripción no disponible,"Martes a sábado, de 10 a 19 horas. Lunes, domingos y festivos cerrado. Visitas para grupos de hasta 25 personas dentro de los horarios de apertura. Pueden ser con guía propio o con guía de la Fundación, y la duración de la misma es de una hora, previa reserva telefónica o por email.",Equipamiento no disponible,Bus: 161.,['Sin información sobre accesibilidad para personas con movilidad reducida'],http://www.madrid.es/sites/v/index.jsp?vgnextchannel=bfa48ab43d6bb410VgnVCM100000171f5a0aRCRD&vgnextoid=5c1260101310f210VgnVCM1000000b205a0aRCRD,FUENTE DEL REY,CALLE,V,11.0,MADRID,MADRID,28023,ARAVACA,MONCLOA-ARAVACA,434663,4478596,40.45546866305681,-3.770571681413097,913 579 116,info@fundacionamyc.org
La Casa Encendida de la Fundación Montemadrid,"Edificio de carácter monumental. De estilo neomudéjar, fue diseñado por el arquitecto Fernando Arbós e inaugurado en el año 1913. Cuenta con más de 6000 metros cuadrados de instalaciones divididas en 4 plantas y una azotea. Centro social y cultural.",De martes a domingo de 10 a 22 horas.,"Biblioteca,mediateca, hemeroteca, laboratorio de radio, fotográfico y multimedia Cafetería Terraza &amp;ndash; café bar Ecotienda solidaria Visitas guiadas","Metro: Embajadores (línea 3)  Bus: 119, 27, 34, 36, 41, C03, C2, C1, 148, 60, 75, M1  Cercanías Renfe: Embajadores (línea C5)  Bicimad: Estación 49 (ronda de Atocha, 34)  Aparcamiento: Garaje Amparo (75), calle Amparo","['Accesible', 'Lengua de signos', 'Bucle de inducción magnético']",http://www.madrid.es/sites/v/index.jsp?vgnextchannel=bfa48ab43d6bb410VgnVCM100000171f5a0aRCRD&vgnextoid=c27f8899fc81c010VgnVCM1000000b205a0aRCRD,VALENCIA,RONDA,V,2.0,MADRID,MADRID,28012,EMBAJADORES,CENTRO,440622,4473051,40.40596221830597,-3.6997720739017033,902 430 322,Email no disponible
Museo ABC,"Centro de arte, dibujo e ilustración.",Consultar.,Equipamiento no disponible,"Metro: San Bernardo (líneas 2, 4), Noviciado (línea 2), Ventura Rodríguez (línea 3), Plaza de España (líneas 3, 10)  Bus: M2, C1, C3, 1, 2, 3, 21, 44, 133, 147, 001, 002   Bicimad: Estación 13 (calle Conde Duque 22)",['Accesible'],http://www.madrid.es/sites/v/index.jsp?vgnextchannel=bfa48ab43d6bb410VgnVCM100000171f5a0aRCRD&vgnextoid=f0103fee6537c210VgnVCM1000000b205a0aRCRD,AMANIEL,CALLE,V,29.0,MADRID,MADRID,28015,UNIVERSIDAD,CENTRO,439813,4475439,40.42741121610518,-3.709539260414957,917 588 379,info_museo@abc.es
Museo Africano Misioneros Combonianos,Descripción no disponible,Grupos con cita previa telefónica o en la su web : de lunes a viernes de 9:30 a 13:30 horas.  Individuales: Visitas guiadas sin cita previa los domingos a las 11:30 horas.,Equipamiento no disponible,"Bus: 11, 70, 114, 122, 115, 200.",['Sin información sobre accesibilidad para personas con movilidad reducida'],http://www.madrid.es/sites/v/index.jsp?vgnextchannel=bfa48ab43d6bb410VgnVCM100000171f5a0aRCRD&vgnextoid=6ab8ef4d7f71c010VgnVCM1000000b205a0aRCRD,ARTURO SORIA,CALLE,V,101.0,MADRID,MADRID,28043,SAN JUAN BAUTISTA,CIUDAD LINEAL,444755,4477849,40.44946738556641,-3.651489872602189,914 152 412,Email no disponible
Museo Arqueológico Nacional,"Fundado en 1867, el MAN se inauguró en 1895 en su actual sede, en el Palacio de Biblioteca y Museos, edificio proyectado por Francisco Jareño y terminado por Antonio Ruiz de Salces.","De martes a sábados de 9:30 a 20 horas. Domingos y festivos de 9:30 a 15 horas.   Cerrado   Todos los lunes del año. 1 y 6 de enero, 1 de mayo, 9 de noviembre, 24, 25 y 31 de diciembre.  Más información horarios.",Equipamiento no disponible,"Metro: Serrano (línea 4), Retiro (línea 2)  Bus: 1, 9, 19, 51, 74  Cercanías Renfe: Recoletos (línea C1, C2, C7, C10 y Regional)  Bicimad: Estaciones 95 (calle Claudio Coello 109), 94 (paseo de Recoletos, 20), 107 (calle Serrano, 8), 106 a y b (calle Serrano, 34).  Aparcamiento: Colón (2), Plaza de Colón","['Accesible', 'Bucle de inducción magnético']",http://www.madrid.es/sites/v/index.jsp?vgnextchannel=bfa48ab43d6bb410VgnVCM100000171f5a0aRCRD&vgnextoid=8fd8ef4d7f71c010VgnVCM1000000b205a0aRCRD,SERRANO,CALLE,V,13.0,MADRID,MADRID,28001,RECOLETOS,SALAMANCA,441601,4474966,40.4232789604228,-3.688412123509053,915 777 912,Email no disponible
Museo Casa de la Moneda,Descripción no disponible,"De martes a viernes ininterrumpidamente de 10 a 17:30. Sábados, domingos y festivos de 10 a 14:15 horas. Cerrado los lunes (incluidos festivos), y los días 1 y 6 de enero; 1 de mayo; 24, 25 y 31 de diciembre.",Equipamiento no disponible,"Metro: O&amp;acute;Donnell (línea 6), Goya (líneas 2 y 4).  Bus: 143, 156, 2, 30, 56, 71, C2, 28, 203.   Bicimad: Estación 101 (calle Jorge Juan, 131).","['Accesible', 'Lengua de signos']",http://www.madrid.es/sites/v/index.jsp?vgnextchannel=bfa48ab43d6bb410VgnVCM100000171f5a0aRCRD&vgnextoid=12f8ef4d7f71c010VgnVCM1000000b205a0aRCRD,DOCTOR ESQUERDO,CALLE,V,36.0,MADRID,MADRID,28028,GOYA,SALAMANCA,443235,4474878,40.42260021542579,-3.669139860245996,915 666 544,Email no disponible
Museo Cerralbo,"Este Palacio, construido entre 1883 y 1893, fue concebido como vivienda y como museo para sede de las obras de arte reunidas por los Marqueses de Cerralbo y sus hijos, los Marqueses de Villa Huerta, durante los numerosos viajes que realizaron por España y Europa.","De martes a sábado de 9:30 a 15 horas. Jueves, apertura extraordinaria por la tarde, de 17 a 20 horas, excepto festivos. Entrada gratuita. Domingos y festivos de 10 a 15 horas. Domingos, entrada gratuita para todo el público. Cerrado: todos los lunes, 1 y 6 de enero, 1 de mayo, 24, 25 y 31 de diciembre, una fiesta local.",Equipamiento no disponible,"Metro: Plaza de España (líneas 3, 10), Príncipe Pío (líneas 6 y 10)  Bus: 62, 74  Cercanías Renfe: Príncipe Pio (líneas C1, C7 y C10)  Bicimad: Estación 14 (calle Ventura Rodríguez, 2)","['Instalación parcialmente accesible para personas con movilidad reducida', 'Bucle de inducción magnético']",http://www.madrid.es/sites/v/index.jsp?vgnextchannel=bfa48ab43d6bb410VgnVCM100000171f5a0aRCRD&vgnextoid=a4efb0c40971c010VgnVCM1000000b205a0aRCRD,VENTURA RODRIGUEZ,CALLE,V,17.0,MADRID,MADRID,28008,ARGUELLES,MONCLOA-ARAVACA,439380,4475039,40.42377925205143,-3.714599606357376,915 473 646 / 915 473 647,museo.cerralbo@cultura.gob.es
Museo EMT,"El Museo de la EMT se ha convertido en realidad tras una década de duro trabajo de recuperación, restauración y reparación del patrimonio histórico de la Empresa Municipal de Transportes de Madrid, especialmente, material móvil, mobiliario, piezas mecánicas, maquinaria y otros elementos inherentes a la actividad de la EMT en sus 70 años de historia.","Visitas (con cita previa)  Apertura estacional durante seis meses al año: todos los sábados de abril, mayo, junio, julio, septiembre y octubre), a las 10, a las 11:30 y a las 13 horas. Por ser un centro de trabajo únicamente pueden realizarse de forma organizada, previamente concertadas y limitadas a un máximo de 40 personas por turno. Duración: 60 minutos aproximadamente. Compra de entradas y reserva de horarios a través de la web: http://tienda.emtmadrid.es (a partir del 1 de marzo de 2018).","Si tiene una discapacidad física o sensorial, contacta con el Museo antes de reservar la visita y le informarán de la accesibilidad a la instalación.","Metro: Begoña (línea 10). Bus: 66, 173, 174, 176, 191, 193, 194, 195, 196, 197, 712, 713, 714, 716, L171.",['No accesible'],http://www.madrid.es/sites/v/index.jsp?vgnextchannel=bfa48ab43d6bb410VgnVCM100000171f5a0aRCRD&vgnextoid=d56ad05b2a255510VgnVCM2000001f4a900aRCRD,MAURICIO LEGENDRE,CALLE,V,40.0,MADRID,MADRID,28046,CASTILLA,CHAMARTIN,442096,4481278,40.48017361286031,-3.6831595451893273,914 068 810,Email no disponible
Museo Félix Cañada,"Una selección de más de quinientas obras de arte de entre las cerca de mil de la donación original, constituyen la Colección Permanente que se puede visitar en las salas del Museo Félix Cañada de la Fundación Gómez Pardo, adscrita a la Escuela Técnica Superior de Ingenieros de Minas y Energía de la Universidad Politécnica de Madrid. Donada por el ingeniero de minas Doctor Félix Cañada Guerrero a la Fundación Gómez Pardo, reúne una amplia representación de trabajos de destacados artistas, pintores, escultores, ilustradores, grabadores, orfebres, ceramistas, etc. abarcando diferentes periodos desde el siglo XI hasta nuestros días.","Lunes, miércoles y viernes, de 10 a 13 horas. .",Equipamiento no disponible,"Metro: Rios Rosas (línea 1).  Bus: 45, 12, 149, 3, 37.  Bicimad: Estación 130 (calle Santa Engracia, 127).",['Sin información sobre accesibilidad para personas con movilidad reducida'],http://www.madrid.es/sites/v/index.jsp?vgnextchannel=bfa48ab43d6bb410VgnVCM100000171f5a0aRCRD&vgnextoid=cb22820a52799510VgnVCM1000001d4a900aRCRD,ALENZA,CALLE,V,1.0,MADRID,MADRID,28003,RIOS ROSAS,CHAMBERI,440568,4477117,40.442581673356834,-3.700796192332983,914 417 921,museo@fgomezpardo.es
Museo Geominero,"Los objetivos del Museo Geominero son conservar, investigar y difundir la riqueza y diversidad del patrimonio geológico, paleontológico y mineralógico a través de las importantes colecciones de minerales, rocas y fósiles procedentes de todas las regiones españolas y de antiguos territorios coloniales, así como de yacimientos significados del registro mundial.","De lunes a domingo y festivos de 9 a 14 horas. Cerrado los días 1 y 6 de enero y 24, 25 y 31 de diciembre.",Equipamiento no disponible,"Metro: Ríos Rosas (línea 1), Alonso Cano (línea 7), Cuatro Caminos (líneas 1, 2 y 6).  Bus: 45, 12, 149, 3, 37, 5.  Bicimad: Estación 130 (calle Santa Engracia, 127).",['Sin información sobre accesibilidad para personas con movilidad reducida'],http://www.madrid.es/sites/v/index.jsp?vgnextchannel=bfa48ab43d6bb410VgnVCM100000171f5a0aRCRD&vgnextoid=ff0bef4d7f71c010VgnVCM1000000b205a0aRCRD,RIOS ROSAS,CALLE,V,23.0,MADRID,MADRID,28003,RIOS ROSAS,CHAMBERI,440663,4477057,40.44204795207367,-3.699670468881422,913 495 759,m.geominero@igme.es
Museo Histórico Minero Don Felipe de Borbón y Grecia,Ubicado en la Escuela Técnica Superior de Ingenieros de Minas de Madrid,Consultar.,Equipamiento no disponible,"Metro: Ríos Rosas (línea 1)  Bus: 3, 12, 37, 45, 149  Bicimad: Estación 130 (calle Santa Engracia, 127)",['Sin información sobre accesibilidad para personas con movilidad reducida'],http://www.madrid.es/sites/v/index.jsp?vgnextchannel=bfa48ab43d6bb410VgnVCM100000171f5a0aRCRD&vgnextoid=822bef4d7f71c010VgnVCM1000000b205a0aRCRD,RIOS ROSAS,CALLE,V,21.0,MADRID,MADRID,28003,RIOS ROSAS,CHAMBERI,440603,4477062,40.44209227424258,-3.700373464615154,910 676 304,Email no disponible
Museo ICO,Descripción no disponible,"De martes a sábados: de 11 a 20 horas.   Domingos y festivos: de 10 a 14 horas.    Cerrado: Todos los lunes del año.  Horarios especiales: 24 y 31 de diciembre de 10 a 14 horas. 1 de enero, 1 de mayo y 25 de diciembre cerrado.",Equipamiento no disponible,"Metro: Sevilla (línea 2)  Bus: 53, 15, 20, 002, 51, M1, 150, 5  Bicimad: estación 28 (calle Alcalá, 27)  Aparcamiento: Cortes (46), Plaza de las Cortes / Hub de Movilidad Canalejas 360 (1239), Calle de Alcalá, 17 / Sevilla (41), calle Sevilla y calle Alcalá",['Sin información sobre accesibilidad para personas con movilidad reducida'],http://www.madrid.es/sites/v/index.jsp?vgnextchannel=bfa48ab43d6bb410VgnVCM100000171f5a0aRCRD&vgnextoid=2886444a2951c010VgnVCM2000000c205a0aRCRD,ZORRILLA,CALLE,V,3.0,MADRID,MADRID,28014,CORTES,CENTRO,440806,4474249,40.41676546905435,-3.697722260547764,914 201 242,museoico@ico.es
Museo Los Caños del Peral. Estación de Metro Ópera,"A diez metros bajo la plaza de Isabel II, la estación de Metro Ópera (L2, L5 y Ramal Norte) alberga la recreación museística de la histórica fuente de los Caños del Peral. La visita nos permite conocer la fuente que recogía el agua de manantial junto al arroyo del Arenal durante la segunda mitad del sigloXVI, y que tenía en origen 34 metros de longitud; la galería de abastecimiento en bóveda de cañón y la alcantarilla de la zona; y el acueducto que, salvando al barranco del arroyo del Arenal, surtió de agua al Palacio Real desde el siglo XVII hasta prácticamente el siglo XX.",Previa reserva en la página museosmetromadrid.es.  Viernes: de 16 a 20 horas. Sábados: de 10 a 14 horas y de 16 a 20 horas. Domingos: de 10 a 14 horas.,Equipamiento no disponible,"Metro: Ópera (líneas 2, 5 y Ramal).   Bicimad: Estación 24 (calle Carlos III, 1).    Aparcamiento: Descalzas (20), plaza Descalzas y plaza San Martín.",['Accesible'],http://www.madrid.es/sites/v/index.jsp?vgnextchannel=bfa48ab43d6bb410VgnVCM100000171f5a0aRCRD&vgnextoid=435950262d50f210VgnVCM2000000c205a0aRCRD,ISABEL II,PLAZA,V,1.0,MADRID,MADRID,28013,PALACIO,CENTRO,439834,4474367,40.41775560280743,-3.709202070089538,644 169 531,info@museosmetromadrid.es
Museo Lázaro Galdiano,Descripción no disponible,"Martes a domingo, de 9:30 a 15 horas. Lunes cerrado.",Equipamiento no disponible,"Metro: Gregorio Marañón (líneas 7 y 10), Ruben Darío (línea 5), Nuñez de Balboa (líneas 5 y 9)  Bus: 16, 19, 51, 9, 12, 61  Bicimad: Estaciones 140 (calle Velázquez, 130), 141 (paseo de la Castellana, 43)  Aparcamiento: Serrano I (62) calle Serrano entre Hermanos Becquer y Marqués de Villamejor",['Accesible'],http://www.madrid.es/sites/v/index.jsp?vgnextchannel=bfa48ab43d6bb410VgnVCM100000171f5a0aRCRD&vgnextoid=7d1aef4d7f71c010VgnVCM1000000b205a0aRCRD,SERRANO,CALLE,V,122.0,MADRID,MADRID,28006,CASTELLANA,SALAMANCA,441802,4476460,40.43675593917329,-3.6861820403705816,915 616 084,Email no disponible
Museo Nacional Centro de Arte Reina Sofía (MNCARS),"Edificio Sabatini: calle Santa Isabel 52.  Edificio Nouvel (ampliación): ronda de Atocha, esquina a plaza del Emperador Carlos V.  Espacios en el parque del Retiro: Palacio de Velázquez y Palacio de Cristal.","Lunes y de miércoles a sábado, de 10 a 21 horas. Martes cerrado (incluso festivos). Domingos de 10 a 14:30 horas. Días de cierre 1 y 6 de enero, 1 de mayo, 15 de mayo, 9 de noviembre, 24, 25 y 31 de diciembre.",Equipamiento no disponible,"Metro: Estación del Arte (línea 1).  Bus: 27, 34, C03, C1, 26, 32, 6, 59, 85, E1, C2, 119, 36, 41, 001, 10, 14, 37, 45.  Cercanías Renfe: Atocha (líneas C1, C2, C3, C4, C4a, C4b, C5, C7, C8, C10).  Bicimad: Estación 50 (calle Santa Isabel, 57), 51 (Ronda de Atocha, 2).  Aparcamiento: Sánchez Bustillo (37), calle Sánchez Bustillo.",['Accesible'],http://www.madrid.es/sites/v/index.jsp?vgnextchannel=bfa48ab43d6bb410VgnVCM100000171f5a0aRCRD&vgnextoid=69d8275bad5a1210VgnVCM2000000c205a0aRCRD,SANTA ISABEL,CALLE,V,52.0,MADRID,MADRID,28012,EMBAJADORES,CENTRO,441118,4473345,40.40864029339671,-3.693950410329325,917 741 000,info@museoreinasofia.es
Museo Nacional Thyssen-Bornemisza,"El palacio donde se ubica la colección fue el antiguo palacio del duque de Villahermosa. Edificación neoclásica. Posteriormente se adapta como entidad bancaria perdiento sus espacios interiores. Más tarde, pasó a formar parte de los edificios del Museo del Prado. Desde principios de los 90 alberga la Colección Thyssen. El museo ofrece un recorrido por la historia de la pintura europea desde sus inicios en el siglo XIII, hasta finales del siglo XX.","Colecciones permanentes:  lunes de 12 a 16 horas (acceso gratuito gracias al patrocinio de MasterCard). Martes a domingo de 10 a 19 horas.   Exposiciones temporales: consultar horario específico en la web del museo.  Avisos y aperturas extraordinarias: los días 1 de enero, 1 de mayo y 25 de diciembre el Museo permanecerá cerrado. El 24 y el 31 de diciembre el horario de apertura del Museo será de 10 a 15 horas.  El desalojo de las salas tendrá lugar 5 minutos antes del cierre.",Equipamiento no disponible,"Metro: Banco de España (línea 2).  Bus: 001, 10, 14, 27, 34, 37, 45, C03.   Bicimad:   Estación 29 (calle Marqués de Cubas, 25).   Aparcamiento: Cortes (46), Plaza de las Cortes.",['Accesible'],http://www.madrid.es/sites/v/index.jsp?vgnextchannel=bfa48ab43d6bb410VgnVCM100000171f5a0aRCRD&vgnextoid=0b8079262ef5d010VgnVCM1000000b205a0aRCRD,PRADO,PASEO,V,8.0,MADRID,MADRID,28014,CORTES,CENTRO,441058,4474164,40.41601631762229,-3.694738346891257,917 911 370,cavthyssen@museothyssen.org
Museo Nacional de Antropología,"El Museo está instalado en el edificio de estilo clasicista construido por el Marqués de Cubas en 1875 por encargo del Doctor González Velasco, fundador de la institución.","De martes a sábado de 9:30 a 20 horas. Domingos: de 10 a 15 horas. Cerrado todos los lunes del año y los días 1 y 6 de enero, 1 de mayo, 24, 25 y 31 de diciembre y un festivo local. La taquilla se cerrará 15 minutos antes del cierre.",Equipamiento no disponible,"Metro: Estación del Arte (línea 1).  Bus: 19, C1, 10, 14, 26, 32, 102, 37, 001, C2, 59, SE760, 203, 85, 141, 54, 57.  Cercanías Renfe: Atocha (líneas C1, C2, C3, C4, C4a, C4b, C5, C7, C8, C10 y Regional)  Bicimad: Estaciones 80 a y b (paseo Infanta Isabel, 3), 69 (avenida de Alfonso XII, 54).","['Accesible', 'Bucle de inducción magnético']",http://www.madrid.es/sites/v/index.jsp?vgnextchannel=bfa48ab43d6bb410VgnVCM100000171f5a0aRCRD&vgnextoid=456079262ef5d010VgnVCM1000000b205a0aRCRD,ALFONSO XII,CALLE,V,68.0,MADRID,MADRID,28014,LOS JERONIMOS,RETIRO,441550,4473258,40.40788753767772,-3.688862923660605,915 306 418 / 915 395 995,antropologico@cultura.gob.es
Museo Nacional de Artes Decorativas,"Inaugurado en 1912, su sede es un típico palacete madrileño del último tercio del siglo XIX. El museo posee muebles, cerámicas, vidrios, joyas, tejidos, arte oriental, y hasta 30 000 objetos distintos que a lo largo de la historia han servido para embellecer las casas, palacios y los monumentos de distintas culturas. El museo posee muestras como el Jarrón de Sevres regalo de Napoleón III, la Cocina Valenciana del siglo XVIII compuesta por más de 1500 azulejos de Manises, la Mesa de plata del siglo XVI o la colección de alfombras españolas de los siglos XV al XVII.","Martes a sábados de 9:30 a 15 horas. Domingo y festivos: de 10 a 15 horas. Jueves tarde de 17 a 20 horas (excepto julio y agosto).  Cerrado:  todos los lunes, 1 y 6 de enero, 1 y 15 de mayo, 24, 25 y 31 de diciembre.    La venta de entradas finalizará 30 minutos antes del cierre.",Equipamiento no disponible,"Metro: Banco de España (Línea 2)  Bus: 19, E1, 203, 14, 27, 37, 45, C03, 1, 146, 15, 2, 20, 51, 52, 74, 9, 10, 34, 001  Bicimad: Estación 86 (Plaza Cibeles)  Aparcamiento: Montalbán (49), calle Montalbán (entre calle Alfonso XI y paseo Prado)","['Instalación parcialmente accesible para personas con movilidad reducida', 'Bucle de inducción magnético']",http://www.madrid.es/sites/v/index.jsp?vgnextchannel=bfa48ab43d6bb410VgnVCM100000171f5a0aRCRD&vgnextoid=287079262ef5d010VgnVCM1000000b205a0aRCRD,MONTALBAN,CALLE,V,12.0,MADRID,MADRID,28014,LOS JERONIMOS,RETIRO,441483,4474369,40.417896616053866,-3.689754509701677,915 326 499,Email no disponible
Museo Nacional de Ciencias Naturales,Descripción no disponible,"De martes a viernes de 10 a 17 horas. Sábados, domingos y festivos de 10 a 20 horas. Agosto,de 10 a 15 horas. Cerrado los lunes (excepto los festivos). Cerrado el 1 y 6 de enero, el 1 de mayo y el 25 de diciembre. Los días 24 y 31 de diciembre el museo permanecerá abierto de 10 a 15 horas.",Equipamiento no disponible,"Metro: Gregorio Marañón (líneas 7, 10)  Bus: 12, 45, 14, 147, 150, 27, 40, 7  Bicimad: Estación 139 (Calle José Gutiérrez Abascal, 2)","['Accesible', 'Bucle de inducción magnético']",http://www.madrid.es/sites/v/index.jsp?vgnextchannel=bfa48ab43d6bb410VgnVCM100000171f5a0aRCRD&vgnextoid=8edbef4d7f71c010VgnVCM1000000b205a0aRCRD,JOSE GUTIERREZ ABASCAL,CALLE,V,2.0,MADRID,MADRID,28006,EL VISO,CHAMARTIN,441463,4476870,40.44042600324054,-3.690212174964136,914 11 13 28,Email no disponible
Museo Naval,Descripción no disponible,"De martes a domingo de 10 a 19 horas. Durante el mes de agosto, horario reducido de 10 a 15 horas. Cerrados lunes, 1 y 6 de enero, 1 de mayo, 24, 25 y 31 de diciembre.",Equipamiento no disponible,"Metro: Banco de España (línea 2)  Bus: 002, M1, SE712, 26, 32, 6  Bicimad: Estación 86 (plaza de Cibeles)    Aparcamiento: Montalbán (49), calle Montalbán entre calle Alfonso XI y paseo del Prado",['Accesible'],http://www.madrid.es/sites/v/index.jsp?vgnextchannel=bfa48ab43d6bb410VgnVCM100000171f5a0aRCRD&vgnextoid=a30cef4d7f71c010VgnVCM1000000b205a0aRCRD,PRADO,PASEO,V,3.0,MADRID,MADRID,28014,LOS JERONIMOS,RETIRO,441232,4474362,40.41781777653844,-3.6927096854547727,915 238 516,museonavalmadrid@fn.mde.es
Museo Postal y Telegráfico,"El  Museo Postal y Telegráfico ofrece al visitante un recorrido temático y cronológico a través  de la historia de las comunicaciones, desde la más tradicional, la carta, hasta las comunicaciones por satélite. En este museo se conservan y exhiben los fondos postales y de telecomunicación desde los primeros hitos conocidos hasta nuestros días.",Consultar,Bus: 161,"Autobús:161,655,658 Y tren:C10",['Accesible'],http://www.madrid.es/sites/v/index.jsp?vgnextchannel=bfa48ab43d6bb410VgnVCM100000171f5a0aRCRD&vgnextoid=c82cef4d7f71c010VgnVCM1000000b205a0aRCRD,TAPIA DE CASARIEGO,CALLE,V,6.0,MADRID,MADRID,28023,VALDEMARIN,MONCLOA-ARAVACA,434801,4479956,40.46772394620028,-3.769076951216305,917 401 440 / 917 400 668,info@museopostalytelegrafico.com
Museo Sorolla,Descripción no disponible,"De martes a sábado: de 9:30 a 20 horas. Domingos y festivos: de 10 a 15 horas. Cerrado: todos los lunes del año, 1 y 6 de enero, 1 de mayo, 9 noviembre, 24, 25 y 31 de diciembre .",Equipamiento no disponible,"Metro: Rubén Darío (línea 5), Gregorio Marañón (líneas 7 y 10), Iglesia (línea 1).  Bus: 16, 5, 61, 147, 40, 7.  Bicimad: Estaciones 125 (calle Fernández de la Hoz, 29), 198 (Glorieta Rubén Darío, 2), 141 (paseo de la Castellana, 43).",['Instalación parcialmente accesible para personas con movilidad reducida'],http://www.madrid.es/sites/v/index.jsp?vgnextchannel=bfa48ab43d6bb410VgnVCM100000171f5a0aRCRD&vgnextoid=6dd05e93aad9c110VgnVCM1000000b205a0aRCRD,GENERAL MARTINEZ CAMPOS,PASEO,V,37.0,MADRID,MADRID,28010,ALMAGRO,CHAMBERI,441259,4476298,40.43525811195212,-3.69257053914393,913 101 584,museo.sorolla@cultura.gob.es
Museo Taurino de la Comunidad de Madrid,Descripción no disponible,"Todos los días del año de 10 a 15 horas, excepto el 25 de diciembre y el 1 de enero. Los días que se celebren festejos de cualquier tipo en el recinto, las visitas terminarán 2 horas antes del comienzo del espectáculo.??",Equipamiento no disponible,"Metro: Ventas (líneas 2 y 5).  Bus: 106, 110, 146, 21, 210, 38, 53.  Bicimad: Estaciones 187 (calle Alejandro González, 1) y 193 (avenida de los Toreros, 49).",['Sin información sobre accesibilidad para personas con movilidad reducida'],http://www.madrid.es/sites/v/index.jsp?vgnextchannel=bfa48ab43d6bb410VgnVCM100000171f5a0aRCRD&vgnextoid=958cef4d7f71c010VgnVCM1000000b205a0aRCRD,ALCALA,CALLE,V,237.0,MADRID,MADRID,28028,GUINDALERA,SALAMANCA,443775,4475871,40.431581087036655,-3.662863216771023,912 761 287,museotaurinolasventas@madrid.org
Museo Tiflológico,Edificio con una superficie de 1.500 m2 dividido en tres zonas con maquetas de monumentos nacionales e internacionales realizadas por invidentes e instrumentos utilizados por los invidentes desde hace 200 años. Es un espacio concebido para que sus visitantes puedan ver y tocar las piezas expuestas.,"Martes a viernes, de 10 a 15 horas y de 16 a 19 horas. Sábados de 10 a 14 horas. Cerrado: lunes, domingos y festivos. Consultar cierres especiales en https://museo.once.es/",Equipamiento no disponible,"Metro: Estrecho (línea 1)  Bus: 3, 43, 124, 124, 126, 128","['Accesible', 'Señalización podotáctil']",http://www.madrid.es/sites/v/index.jsp?vgnextchannel=bfa48ab43d6bb410VgnVCM100000171f5a0aRCRD&vgnextoid=baacef4d7f71c010VgnVCM1000000b205a0aRCRD,LA CORU&amp;Ntilde;A,CALLE,V,18.0,MADRID,MADRID,28020,CUATRO CAMINOS,TETUAN,440632,4478523,40.45525267846033,-3.700169379369277,915 894 219,museo@once.es
Museo de Aeronáutica y Astronáutica,"El museo tiene por finalidad la adquisición, conservación y exposición de los bienes que constituyen el Patrimonio Histórico de la Aeronáutica Española. Dispone de una exposición exterior y siete hangares que albergan aeronaves, uniformes, condecoraciones, motores, maquetas y otros fondos relacionados con la aviación. Terminada la Guerra Civil y una vez creado el Ejército del Aire, se concibe la idea de crear un museo que reflejara la evolución e historia de nuestra aeronáutica. Desde 1975 el Museo está en Cuatro Vientos y se han sucedido varias ampliaciones que le convierten en un referente europeo de la aeronáutica.","De martes a domingo de 10 a 14 horas. Cerrado: 1 y 6 de enero, jueves y viernes Santos, 10 de diciembre (patrona de la aviación), 24, 25 y 31 de diciembre y días establecidos en el calendario anual.","Aparcamiento: gratuito, de 10 a 14 horas. Cafetería: de 10 a 13:30 horas. Punto de venta: de 10 a 13:30 horas.  Visitas guiadas para grupos: de martes a domingo de 10 a 14 horas. Previa petición de autorización por carta o correo electrónico ( museodelaire@ea.mde.es  ). Se recomienda anticipar las peticiones por teléfono de lunes a viernes.","Transporte público Autobuses de la empresa 'De Blas', recorrido desde Madrid-Príncipe Pío, líneas 511, 512, 513, 514, 516, 518, 521, 522, 523, 528 y 539. Parada 'Escuela de Transmisiones'. La estación de Metro y RENFE más cercana es la estación de Cuatro Vientos, aproximadamente a 1 kilómetro de la entrada",['Sin información sobre accesibilidad para personas con movilidad reducida'],http://www.madrid.es/sites/v/index.jsp?vgnextchannel=bfa48ab43d6bb410VgnVCM100000171f5a0aRCRD&vgnextoid=90aaef4d7f71c010VgnVCM1000000b205a0aRCRD,A-5,AUTOVIA,T,10.7,MADRID,MADRID,28024,CUATRO VIENTOS,LATINA,432238,4469498,40.37362,-3.80843,915 095 644 / 915 095 676 / 915 091 690 (fines de semana),museodelaire@ea.mde.es
Museo de América,Descripción no disponible,"De martes a sábado, de 9:30 a 15 horas. Jueves, apertura continuada de 9:30 a 19 horas. Domingos y festivos de 10 a 15 horas.   Cerrado todos los lunes del año, 1 de enero, 1 de mayo, 24, 25 y 31 de diciembre, 6 de enero y un festivo local.",Equipamiento no disponible,"Metro: Moncloa (líneas 3 y 6), Islas Filipinas (línea 7).  Autobús: 160, 161, A, 132, 133, 162, 46, 82, 83, G, U.  Bicimad: Estaciones, 110 (paseo de Moret, 2); 244 (calle Isaac Peral, 44); 128 (calle Cea Bermúdez, 59).","['Accesible', 'Bucle de inducción magnético']",http://www.madrid.es/sites/v/index.jsp?vgnextchannel=bfa48ab43d6bb410VgnVCM100000171f5a0aRCRD&vgnextoid=c929ef4d7f71c010VgnVCM1000000b205a0aRCRD,REYES CATOLICOS,AVENIDA,V,6.0,MADRID,MADRID,28040,CIUDAD UNIVERSITARIA,MONCLOA-ARAVACA,438777,4476615,40.43793725485899,-3.7218544182655786,915 492 641 / 915 439 437,museo.america@cultura.gob.es
Museo de Arte Contemporáneo de Madrid,"Al igual que otros museos de arte contemporáneo, nacionales o extranjeros, se ha utilizado un edificio histórico para albergar las colecciones: el Cuartel del Conde Duque. El Museo de Arte Contemporáneo recupera para los madrileños el despacho del escritor vanguardista Ramón Gómez de la Serna, como parte de su colección permanente.","De martes a viernes: de 10 a 14 horas y de 15 a 21 horas. Sábados: de 10 a 14 horas y de 17:30 a 21 horas. Domingos y festivos: de 10:30 a 14:30 horas.   Horario de verano: del 15 de junio al 15 de septiembre, ambos inclusive.  De martes a viernes: de 10 a 14 horas y de 15 a 20 horas. Sábados: de 10 a 14 horas y de 17:30 a 20 horas. Domingos y festivos: de 10:30 a 13:30 horas.   Cerrado: todos lunes y los días 1 y 6 de enero, 1 de mayo y 24, 25 y 31 de diciembre. Las salas se desalojan 15 minutos antes del cierre.",Equipamiento no disponible,"Metro: Ventura Rodríguez, Plaza de España, San Bernardo, Noviciado.  Bus: 1, 2, 21, 44, 74, 133, C, M2  Bicimad: Estación 13, Calle Conde Duque n&amp;ordm;22.  Parking:  Plaza de España","['Accesible', 'Bucle de inducción magnético']",http://www.madrid.es/sites/v/index.jsp?vgnextchannel=bfa48ab43d6bb410VgnVCM100000171f5a0aRCRD&vgnextoid=84a55c2cdc41c010VgnVCM2000000c205a0aRCRD,CONDE DUQUE,CALLE,V,9.0,MADRID,MADRID,28015,CENTRO,CENTRO,439723,4475437,40.42737760210632,-3.7106116887809817,Teléfono de sala: 914 801 766,mmacmdifusion@madrid.es
Museo de Astronomía y Geodesia,"El museo de Astronomía y Geodesia de la Universidad Complutense de Madrid agrupa una importante colección de instrumentos de Astronomía, Geodesia y Topografía, reunidos con el afán didáctico de dar a conocer la evolución de los métodos utilizados en estas disciplinas durante los últimos 150 años.",Visita con cita previa.,Equipamiento no disponible,"Metro: Ciudad Universitaria (línea 6).  Bus: 132, F, 82, G, U.  Bicimad: Estación 260 (calle José Antonio Novais, frente al número 12).",['Sin información sobre accesibilidad para personas con movilidad reducida'],http://www.madrid.es/sites/v/index.jsp?vgnextchannel=bfa48ab43d6bb410VgnVCM100000171f5a0aRCRD&vgnextoid=ee49ef4d7f71c010VgnVCM1000000b205a0aRCRD,CIENCIAS,PLAZA,V,3.0,MADRID,MADRID,28040,CIUDAD UNIVERSITARIA,MONCLOA-ARAVACA,438442,4477897,40.44945850908754,-3.7259383636708434,91 394 4588,fuensant@ucm.es
Museo de Bomberos de Madrid,Descripción no disponible,"Lunes, miércoles, jueves y viernes: 12:00 horas (martes y fin de semana, cerrado).    JULIO Y AGOSTO   Martes y jueves: 12:00 horas (resto de la semana, cerrado).","El acceso se realizará mediante RESERVA en el que aparecerán las sesiones y plazas disponibles.    Visitas guiadas    El personal del museo mostrará al visitante la exposición permanente, que cuenta con una interesante colección de vehículos y otros materiales que han formado parte de la Historia del Cuerpo de Bomberos de Madrid.      Actividades del Grupo Pedagógico con visitas de colegios    Se realizan visitas guiadas a colegios, demostraciones prácticas?y charlas de prevención    Sala polivalente     Puede ser utilizada para la organización de charlas, encuentros y otras actividades culturales.",Metro: L1- Buenos Aires (cerrado entre las estaciones de Sol y Valdecarros. SE de autobuses gratuitos con parada en Buenos Aires) Bus: 141 y 143,['Accesible'],http://www.madrid.es/sites/v/index.jsp?vgnextchannel=bfa48ab43d6bb410VgnVCM100000171f5a0aRCRD&vgnextoid=9f0966a8bba49210VgnVCM2000000c205a0aRCRD,BOADA,CALLE,V,4.0,MADRID,MADRID,28038,NUMANCIA,PUENTE DE VALLECAS,444504,4471753,40.39453171263195,-3.6539313207612207,Actualmente no disponible.,museobomberosmadrid@madrid.es
Museo de Calcografía Nacional,"La institución posee la más importante colección de láminas de grabado calcográfico de España. El número de matrices metálicas supera las ocho mil obras, abarcando un amplio periodo cronológico, desde el siglo XVI al XXI.",Consultar en la web.,Equipamiento no disponible,"Metro: Sol (líneas 1, 2, 3), Sevilla (línea 2), Gran Vía (líneas 1 y 5).  Bus: M1, 002, 52, 46, 002, 51, 150, 5, 15, 20.  Cercanías Renfe: Sol (líneas C3, C4 y Regional).  Bicimad: Estaciones 1a y 1b (Puerta del Sol, 1) y 28 (calle Alcalá, 27).  Aparcamiento: Sevilla (41), calle Sevilla y calle Alcalá.",['Sin información sobre accesibilidad para personas con movilidad reducida'],http://www.madrid.es/sites/v/index.jsp?vgnextchannel=bfa48ab43d6bb410VgnVCM100000171f5a0aRCRD&vgnextoid=7169ef4d7f71c010VgnVCM1000000b205a0aRCRD,ALCALA,CALLE,V,13.0,MADRID,MADRID,28014,SOL,CENTRO,440558,4474350,40.4176555144213,-3.7006500629589394,915 240 864,Email no disponible
Museo de Cera,Descripción no disponible,"Lunes a domingo, de 11 a 19 horas.",Equipamiento no disponible,"Metro: Colón (línea 4)  Bus: 14, 150, 27, 45, 5, 53, 21, 37, C03  Cercanías Renfe: Recoletos (líneas C1, C2, C7, C10)  Bicimad: Estación 10 (Calle Marqués de la Ensenada, 16) / estación 94 (Paseo de Recoletos, 20)  Aparcamiento: Colón (2), Plaza de Colón",['Instalación parcialmente accesible para personas con movilidad reducida'],http://www.madrid.es/sites/v/index.jsp?vgnextchannel=bfa48ab43d6bb410VgnVCM100000171f5a0aRCRD&vgnextoid=9689ef4d7f71c010VgnVCM1000000b205a0aRCRD,RECOLETOS,PASEO,V,41.0,MADRID,MADRID,28004,JUSTICIA,CENTRO,441350,4475102,40.42448764583997,-3.6913807191328303,913 199 330,info@museoceramadrid.com
Museo de Escultura al Aire Libre de la Castellana,"El Museo de Escultura al Aire Libre de La Castellana, está situado bajo el paso elevado que une las calles de Juan Bravo y Eduardo Dato, contiene una excelente colección de escultura abstracta española.",Entrada libre. Espacio urbano abierto Abierto 24 horas al día los 365 días del año.,Equipamiento no disponible,"Transporte público más próximo   Metro: Rubén Darío (línea 5)  Bus: 5, 14, 27, 45, 150  BICIMAD: Estación 142 (Paseo de la Castellana n&amp;ordm;42)",['Accesible'],http://www.madrid.es/sites/v/index.jsp?vgnextchannel=bfa48ab43d6bb410VgnVCM100000171f5a0aRCRD&vgnextoid=eca9ef4d7f71c010VgnVCM1000000b205a0aRCRD,CASTELLANA,PASEO,V,40.0,MADRID,MADRID,28046,CASTELLANA,SALAMANCA,441678,4476070,40.43321939867116,-3.687612268080596,915 885 921,mmacmdifusion@madrid.es
Museo de Historia de Madrid,Fue creado como museo municipal en 1929 y rebautizado como Museo de Historia de Madrid en 2007. En el año 2014 se hace una profunda remodelación y reabre sus puertas con un montaje moderno y una puesta al día de sus colecciones.,"De martes a domingos de 10 a 20 horas.  Verano: de martes a domingos de 10 a 19 horas.  Cerrado: lunes y los días 1 y 6 de enero, 1 de mayo,  24, 25 y 31 de diciembre.   El desalojo de las salas se hará diez minutos antes del cierre.",Biblioteca de investigación Servicio de documentación Guardarropa Zona wifi,"Metro: Tribunal, Bilbao y Alonso Martínez. Bus: 3, 21, 37, 40, 147 y 149. BICIMAD: Estación 54 (Calle Barceló 7) Aparcamiento público: Barceló.","['Accesible', 'Bucle de inducción magnético']",http://www.madrid.es/sites/v/index.jsp?vgnextchannel=bfa48ab43d6bb410VgnVCM100000171f5a0aRCRD&vgnextoid=8f3079262ef5d010VgnVCM1000000b205a0aRCRD,FUENCARRAL,CALLE,V,78.0,MADRID,MADRID,28004,JUSTICIA,CENTRO,440550,4475251,40.42577054821346,-3.700845660719608,917 011 863,smuseosm@madrid.es
Museo de Historia de la Comunidad Judía de Madrid,Descripción no disponible,De martes a domingo: de 10:00 a 20:00 horas.,Visitas: info@cjmadrid.org,"Metro: Iglesia (línea 1)  Bus: 16, 61, 3, 37, 149, 5  Bicimad: Estación 246 (calle Santa Engracia, 87)",['Accesible'],http://www.madrid.es/sites/v/index.jsp?vgnextchannel=bfa48ab43d6bb410VgnVCM100000171f5a0aRCRD&vgnextoid=8f2a4a659ee71110VgnVCM1000000b205a0aRCRD,BALMES,CALLE,V,3.0,MADRID,MADRID,28010,TRAFALGAR,CHAMBERI,440627,4476323,40.43543567370733,-3.7000203622984,915 913 131,info@cjmadrid.org
Museo de Mineralogía,Descripción no disponible,"Lunes a viernes, de 10:30 a 14:30 horas (concertar previamente).",Equipamiento no disponible,"Cercanías Renfe: Cantoblanco (líneas C4, C4a y Cb).",['Accesible'],http://www.madrid.es/sites/v/index.jsp?vgnextchannel=bfa48ab43d6bb410VgnVCM100000171f5a0aRCRD&vgnextoid=255aef4d7f71c010VgnVCM1000000b205a0aRCRD,FRANCISCO TOMAS Y VALIENTE,CALLE,V,7.0,MADRID,MADRID,28049,EL GOLOSO,FUENCARRAL-EL PARDO,441133,4488524,40.54537941407227,-3.6951833197962536,914 974 819 / 914 972 564 / 914 974 800,museo.mineralogia@uam.es
Museo de San Isidro. Los Orígenes de Madrid,"Este espacio museográfico propone un viaje por la historia de la ciudad de Madrid desde la Prehistoria hasta el establecimiento de la Corte, a través de distintas salas como la de San Isidro, el Patio renacentista, el Jardín arqueobotánico o el Almacén visitable.","De martes a domingo y festivos de 10 a 20 horas.  Último pase de visita 15 minutos antes del cierre.    Verano, del 15 de junio al 15 de septiembre: de martes a domingo de 10 a 19 horas.  Cerrado todos los lunes, el 1 y 6 de enero, el 1 de mayo y los días 24, 25 y 31 de diciembre.","Sala de investigadores. Biblioteca especializada en arqueología e historia madrileña. Archivo documental. Almacén visitable con más de 600 piezas arqueológicas. Jardín arqueobotánico, con información documentada sobre las especies de la ciudad.  Investigadores: los fondos del Museo están a disposición de la comunidad científica y los investigadores podrán acceder tramitando su correspondiente solicitud. Visitas guiadas por voluntarios culturales de CEATE Talleres didácticos para grupos escolares. Zona wifi.","Metro: Latina , Tirso de Molina Bus: 3 , 17 , 18 , 23 , 35 , 60 , 65 , 148 BICIMAD: Estación 38 (Carrera de San Francisco 1)","['Instalación parcialmente accesible para personas con movilidad reducida', 'Bucle de inducción magnético']",http://www.madrid.es/sites/v/index.jsp?vgnextchannel=bfa48ab43d6bb410VgnVCM100000171f5a0aRCRD&vgnextoid=7b7aef4d7f71c010VgnVCM1000000b205a0aRCRD,SAN ANDRES,PLAZA,V,2.0,MADRID,MADRID,28005,PALACIO,CENTRO,439691,4473738,40.41207900253883,-3.7108161027466378,913 667 415,museosanisidro@madrid.es
Museo de Sanidad e Higiene Pública,"El Museo de Sanidad e Higiene Pública se comenzó a desarrollar en el año 1995 y es un centro único en su especialidad en España. Está ubicado en el Pabellón 14 del campus de Chamartín en el Instituto de Salud Carlos III, que albergaba los laboratorios del Hospital Nacional de Enfermedades Infecciosas, conocido como Hospital del Rey. El objetivo es gestionar para su difusión y conservación las colecciones de objetos, libros y documentos que reflejan los aspectos más significativos de la historia y evolución de la salud pública en nuestro país. De ese modo se busca la promoción de la investigación en este campo facilitando a los investigadores, profesores y técnicos que lo necesiten, apoyo técnico especializado.","Visitas guiadas de grupo con cita previa: de lunes a viernes laborables, a las 10 horas.",Solicitud de cita previa enviando formulario a museodesanidad@isciii.es.,"Metro: Chamartín (líneas 1, 10).  Bus: 124, 134, 135, 67, 147.  Cercanías Renfe: Chamartín (líneas C1, C2, C3, C3a, C4, C4a, C4b, C7, C8 y C10).",['Sin información sobre accesibilidad para personas con movilidad reducida'],http://www.madrid.es/sites/v/index.jsp?vgnextchannel=bfa48ab43d6bb410VgnVCM100000171f5a0aRCRD&vgnextoid=3e755c2cdc41c010VgnVCM2000000c205a0aRCRD,MONFORTE DE LEMOS,AVENIDA,V,5.0,MADRID,MADRID,28029,LA PAZ,FUENCARRAL-EL PARDO,441508,4480761,40.47546597881768,-3.690060394112311,918 222 414,museodesanidad@isciii.es
Museo de la Catedral de la Almudena,Descripción no disponible,"De lunes a sábado de 10 a 14:30 horas.   Cerrado los domingos, fiestas de precepto y días de actos de culto especiales en la Catedral. Consultar  Agenda .",Equipamiento no disponible,"Metro: Ópera (Líneas 2, 5 y Ramal Ópera Príncipe Pío).  Bus: 148, 3.  Bicimad: Estaciones 36 (plaza Ramales), 166 (calle Segovia, 26).",['Accesible'],http://www.madrid.es/sites/v/index.jsp?vgnextchannel=bfa48ab43d6bb410VgnVCM100000171f5a0aRCRD&vgnextoid=82cb8d0e78d22110VgnVCM1000000b205a0aRCRD,BAILEN,CALLE,V,10.0,MADRID,MADRID,28013,PALACIO,CENTRO,439452,4474125,40.4155496711662,-3.713667423315139,915 592 874,reservasmuseo@catedraldelaalmudena.es
Museo de la Farmacia Hispana,Descripción no disponible,"El Museo de la Farmacia Hispana solo puede visitarse realizando una reserva con antelación.La visita es gratuita, guiada y tiene una duración aproximada de 1 hora y media. Se realizan durante el curso lectivo, de lunes a viernes y en horario de mañana.",Equipamiento no disponible,"Metro: Ciudad Universitaria (línea 6).  Bus: 132, 82, G, U, I  Bicimad: Estaciones 258 y 259 (avenida de la Complutense (Metro Ciudad Universitaria).",['Instalación parcialmente accesible para personas con movilidad reducida'],http://www.madrid.es/sites/v/index.jsp?vgnextchannel=bfa48ab43d6bb410VgnVCM100000171f5a0aRCRD&vgnextoid=58f9ef4d7f71c010VgnVCM1000000b205a0aRCRD,RAMON Y CAJAL,PLAZA,V,0.0,MADRID,MADRID,28040,CIUDAD UNIVERSITARIA,MONCLOA-ARAVACA,438415,4477352,40.4445328804645,-3.726216004378816,913 941 797,museofar@ucm.es
Museo de la Guardia Civil,Descripción no disponible,Horario: de lunes a viernes de 9 a 13:30 horas con cita previa.,Equipamiento no disponible,"Metro: Guzmán el Bueno (líneas 6 y 7).  Bus: 2, 45, 44.  Bicimad: Estaciones 256 (calle Beatriz de Bobadilla, 2) y 203 (calle General Ampudia, 2).",['Sin información sobre accesibilidad para personas con movilidad reducida'],http://www.madrid.es/sites/v/index.jsp?vgnextchannel=bfa48ab43d6bb410VgnVCM100000171f5a0aRCRD&vgnextoid=003aef4d7f71c010VgnVCM1000000b205a0aRCRD,GUZMAN EL BUENO,CALLE,V,110.0,MADRID,MADRID,28003,VALLEHERMOSO,CHAMBERI,439594,4477325,40.44438523242585,-3.712300118990835,"915 146 000, extensiones 48495 (Oficina Museo), 48477 (Salas Museo)",dg-estuhistoricos-registro@guardiacivil.org
Museo de la Real Academia de Bellas Artes de San Fernando,"Construido inicialmente para palacio de Don Juan de Goyeneche, el edificio fue adquirido por la Academia de Bellas Artes en 1773 y reformado bajo la dirección de Fernando Chueca Goitia en 1973 y la fachada por Diego de Villanueva en 1774.","Colección permanente: De martes a domingos, de 10 a 15 horas. Exposiciones temporales: consultar el apartado específico de la exposición temporal. Días cerrados: 1 y 6 de enero; 1 y 30 de mayo; 9 de noviembre; 24, 25 y 31 de diciembre.",Equipamiento no disponible,"Metro: Sol (líneas 1, 2, 3), Sevilla (línea 2), Gran Vía (líneas 1 y 5).  Bus: M1, 002, 52, 46, 002, 51, 150, 5, 15, 20.  Cercanías Renfe: Sol (líneas C3, C4 y Regional).  Bicimad: Estaciones 1a y 1b (Puerta del Sol, 1) y 28 (calle Alcalá, 27).  Aparcamiento: Sevilla (41), calle Sevilla y calle Alcalá.",['Accesible'],http://www.madrid.es/sites/v/index.jsp?vgnextchannel=bfa48ab43d6bb410VgnVCM100000171f5a0aRCRD&vgnextoid=924aef4d7f71c010VgnVCM1000000b205a0aRCRD,ALCALA,CALLE,V,13.0,MADRID,MADRID,28014,SOL,CENTRO,440558,4474350,40.4176555144213,-3.7006500629589394,915 240 864,Email no disponible
Museo del Ferrocarril de Madrid,"Edificio de carácter monumental. Proyectada por el ingeniero francés Émile Cacheliévre e inaugurada el 30 de marzo de 1880, la estación de Delicias fue la primera gran estación con carácter definitivo de Madrid.","De octubre a mayo:   Lunes a viernes, de 9:30 a 15 horas. Sábados y festivos, de 10 a 19 horas. Domingo, de 10 a 15 horas.   De junio a septiembre:   Lunes a domingo, de 10 a 15 horas.   Cerrado: 25 de diciembre, 1 y 6 de enero.","Mercado de Motores : segundo fin de semana del mes (excepto agosto), de 11 a 21 horas. El Museo cierra en su actividad ordinaria y el acceso es gratuito (www.mercadodemotores.es).","Metro: Delicias (línea 3)  Bus: 19, 247, 45, 47, 59, 85, 86, 8, 55, 6  Cercanías Renfe: Delicias (líneas C1, C7, C10 y Regional)  Bicimad: Estación 172 (Bustamante, 1)",['Accesible'],http://www.madrid.es/sites/v/index.jsp?vgnextchannel=bfa48ab43d6bb410VgnVCM100000171f5a0aRCRD&vgnextoid=091c4291ae91f010VgnVCM2000000c205a0aRCRD,DELICIAS,PASEO,V,61.0,MADRID,MADRID,28045,DELICIAS,ARGANZUELA,441124,4472418,40.40029003332906,-3.6938050319544646,915 390 085,taquillamuseo@ffe.es
Museo del Prado,Descripción no disponible,"De lunes a sábado, de 10 a 20 horas. Domingos y festivos, de 10 a 19 horas. Cerrado los días 1 de enero, 1 de mayo y 25 de diciembre. Horario reducido, de 10 a 14 horas (6 de enero y 24 y 31 de diciembre).  Horario de gratuidad:  De lunes a sábado, de 18 a 20 horas. Domingos y festivos, de 17 a 19 horas.  Acceso al Museo hasta 30 minutos antes del cierre.",Equipamiento no disponible,"Metro: Estación del Arte (línea 1), Banco de España (línea 2).  Bus: 001, 10, 14, 27, 34, 37, 45, C03.  Cercanías Renfe: Atocha (líneas C1, C2, C3, C4, C5, C7 y C10).  Bicimad: Estaciones 68 (calle Espalter, 1), 27 (calle Jesús, 1).","['Accesible', 'Lengua de signos', 'Bucle de inducción magnético']",http://www.madrid.es/sites/v/index.jsp?vgnextchannel=bfa48ab43d6bb410VgnVCM100000171f5a0aRCRD&vgnextoid=060079262ef5d010VgnVCM1000000b205a0aRCRD,PRADO,PASEO,V,27,MADRID,MADRID,28014,CORTES,CENTRO,441058,4474164,40.41398191337691,-3.692164652993688,910 683 001,cav@museodelprado.es
Museo del Reloj Grassy,Arquitecto: Eladio Laredo Carranza (1916 - 1917).,Visitas guiadas:   Miércoles 12 horas. Jueves 17:30 horas.,Equipamiento no disponible,"Metro: Banco de España (línea 2), Sevilla (línea 2), Gran Vía (Líneas 1 y 5).  Bus: 002, 15, 150, 20, 5, 53, 9, 51, 001, 1, 146, 2, 3, 46, 74, 52.  Bicimad: Estación 28 (calle Alcalá, 27).  Aparcamiento: Plaza del Rey (54).",['Sin información sobre accesibilidad para personas con movilidad reducida'],http://www.madrid.es/sites/v/index.jsp?vgnextchannel=bfa48ab43d6bb410VgnVCM100000171f5a0aRCRD&vgnextoid=daeaef4d7f71c010VgnVCM1000000b205a0aRCRD,GRAN VIA,CALLE,V,1.0,MADRID,MADRID,28013,CORTES,CENTRO,440779,4474514,40.41914770731552,-3.69806583195521,915 321 007,info@grassy.es
Museo del Romanticismo,Descripción no disponible,"Horario de invierno (de noviembre a abril): De martes a sábado: de 9:30 a 18:30. Domingos y festivos: de 10 a 15 horas.  Horario de verano (de mayo a octubre): De martes a sábado: de 9:30 a 20:30. Domingos y festivos: de 10 a 15 horas.  Cerrado: Todos los lunes, 1 y 6 enero, 1 mayo, 9 noviembre, 24, 25 y 31 diciembre.",Equipamiento no disponible,"Metro: Tribunal (líneas 1 y 10), Alonso Martínez (líneas 4, 5 y 10).  Bus: 37, 149, 40, 3.  Cercanías Renfe: Recoletos (líneas C1, C2, C7, C10 y Regional).  Bicimad: Estaciones 7 (calle Hortaleza, 75), 54 (calle Barceló, 7).  Aparcamiento: Barceló (69) calle Barceló, s/n; Aparcamiento Escuelas de San Antón (91).","['Accesible', 'Bucle de inducción magnético']",http://www.madrid.es/sites/v/index.jsp?vgnextchannel=bfa48ab43d6bb410VgnVCM100000171f5a0aRCRD&vgnextoid=706cef4d7f71c010VgnVCM1000000b205a0aRCRD,SAN MATEO,CALLE,V,13.0,MADRID,MADRID,28004,JUSTICIA,CENTRO,440725,4475259,40.42585510296794,-3.698783542596306,914 481 045 / 914 480 163,informacion.romanticismo@cultura.gob.es
Museo del Seguro. Fundación Mapfre,Descripción no disponible,De lunes a viernes de 9 a 17 horas. Cerrado festivos y mes de agosto.  Visitas en grupo previa reserva en su página web.,Equipamiento no disponible,"Metro: Colón (línea 4).  Bus: 37, 14, 150, 27, 45, 5, 53, C03.  Cercanías Renfe: Recoletos (Líneas C1, C2, C7, C10 y Regional).  Bicimad: Estaciones 26 (plaza de las Salesas, 7), 94 (paseo Recoletos, 20), 10 (calle Marqués de la Ensenada, 16).  Aparcamientos: Garaje Piamonte (96), calle Piamonte, 16; Colón (2), plaza de Colón; Villa de Paríz (67) plaza Villa de París.",['Sin información sobre accesibilidad para personas con movilidad reducida'],http://www.madrid.es/sites/v/index.jsp?vgnextchannel=bfa48ab43d6bb410VgnVCM100000171f5a0aRCRD&vgnextoid=479b95f8c72d5310VgnVCM2000000c205a0aRCRD,BARBARA DE BRAGANZA,CALLE,V,14.0,MADRID,MADRID,28004,JUSTICIA,CENTRO,441273,4474967,40.42326651196485,-3.692277196470883,No disponible,Email no disponible
Museo del Traje. Centro de Investigación del Patrimonio Etnológico (CIPE),"Edificio de carácter monumental, construido por Jaime López de Asiaín en 1969.","Salas de exposiciones   Martes a sábado, de 9:30 a 19:00 horas. Domingos y festivos, de 10 a 15:00 horas.  La taquilla finaliza su actividad de venta de entradas 30 minutos antes de la hora del cierre de la exposición.  Noches de verano - Verano en el Museo   Los jueves de julio y agosto, apertura extraordinaria: 19:30 - 22:30 horas.",Equipamiento no disponible,"Metro: Ciudad Universitaria (línea 6).  Bus: 160, 161, 46, U, 132, 82, G, 133, 162, 83.  Bicimad: Estación 257 (avenida Juan Herrera frente a la calle Paul Guinard).","['Accesible', 'Lengua de signos', 'Bucle de inducción magnético']",http://www.madrid.es/sites/v/index.jsp?vgnextchannel=bfa48ab43d6bb410VgnVCM100000171f5a0aRCRD&vgnextoid=053c4291ae91f010VgnVCM2000000c205a0aRCRD,JUAN DE HERRERA,AVENIDA,V,2.0,MADRID,MADRID,28040,CIUDAD UNIVERSITARIA,MONCLOA-ARAVACA,438273,4476811,40.43966478861165,-3.727822373257623,915 504 700,Email no disponible
Palacio Real de El Pardo,"Recinto en el que se conserva el Palacio, construido sobre el castillo del siglo XV, la Casita del Príncipe, del siglo XVIII y la Quinta del Duque de Arco (Palacete que fue Casa de Labor y sus tierras). Desde 1983 ha sido adecuado para residencia de Jefes de Estado extranjeros en visita oficial.","Martes a domingo, de 10 a 18 horas.","Casa del Príncipe Don Carlos, reserva previa en teléfono 913 761 500.",Bus: 601 (Madrid - Colonia Mingorrubio),['Accesible'],http://www.madrid.es/sites/v/index.jsp?vgnextchannel=bfa48ab43d6bb410VgnVCM100000171f5a0aRCRD&vgnextoid=9f9def4d7f71c010VgnVCM1000000b205a0aRCRD,MANUEL ALONSO,CALLE,V,8.0,MADRID,MADRID,28048,EL PARDO,FUENCARRAL-EL PARDO,434247,4485823,40.52053578669452,-3.776226000997508,913 76 15 00,info@patrimonionacional.es
Palacio Real de Madrid,"Construido sobre el solar del antiguo Alcázar tras un incendio en 1734. Proyectado por Juvara en 1735 y construido por Sachet de 1738 a 1764 bajo las influencias del clasicismo barroco. A partir de 1770, Sabatini añadió el ala sudeste y realizó la gran escalera. Es de destacar el gran patio que articula el edificio y la fachada principal que aloja el balcón y Escudo Real.","Lunes a sábado, de 10 a 18 horas. Domingos, de 10 a 16 horas (octubre a marzo). Luns a sábado, de 10 a 19 horas. Domingos, de 10 a 16 horas (abril a septiembre).  Para cierres durante el año o motivados por la celebración de actos oficiales o festividad en el municipio consultar la web.  Jardines del Campo del Moro   Todos los días, de 10 a 18 horas.","Relevo solemne de la Guardia en el Palacio Real de Madrid  La Guardia Real realiza este relevo los primeros miércoles de cada mes, a las 12 horas (excepcionalmente puede haber cambios, consultar en http://www.guardiareal.org/. El acto tiene una duración aproximada de 50 minutos, y se desarrolla en la Plaza de la Armería, finalizando con un concierto de la Unidad de Música en la Puerta del Príncipe (calle Bailén). La entrada es libre y gratuita, hasta completar aforo. Se accede por el Arco de Santiago (calle Bailén esquina con Requena). No se celebra en enero, agosto y septiembre, ni cuando coincide con actos oficiales.   Relevo de la Guardia en la Puerta del Príncipe del Palacio Real de Madrid  El acto se lleva a cabo todos los miércoles y sábados del mes, desde las 11 hasta las 14 horas, exceptuando del 19 de junio al 18 de septiembre que será desde las 10 hasta las 12 horas, siempre y cuando los actos oficiales o la climatología lo permitan. Tiene lugar en la calle Bailén.","Metro: Ópera (líneas 2, 5 y Ramal Ópera Norte)  Bus: 3, 25, 39, 148, 46, 62, 75, 138  Cercanías: Príncipe Pío  Bicimad: Estación 36 (Plaza de Ramales, 1)  Aparcamiento: Plaza de España (53), Plaza de España / Calle de Isabel la Católica / Plaza de España (53), Plaza de España",['Accesible'],http://www.madrid.es/sites/v/index.jsp?vgnextchannel=bfa48ab43d6bb410VgnVCM100000171f5a0aRCRD&vgnextoid=47ddef4d7f71c010VgnVCM1000000b205a0aRCRD,BAILEN,CALLE,V,0.0,MADRID,MADRID,28013,PALACIO,CENTRO,439540,4474703,40.42075212551193,-3.712699107286406,914 54 87 00,info@patrimonionacional.es
Panteón de España,La construcción de este edificio responde a dos de las constantes de fines de siglo: la arquitectura historicista y la escultura funeraria. En él reposan trece personajes ilustres de la historia política y militar española.,De martes a sábado de 10 a 14 y de 16 a 18:30 horas Domingos y festivos de 10 a 15 horas Cerrado todos los lunes del año,Equipamiento no disponible,"Metro: Estación del Arte (Atocha) (línea 1)  Bus: 10, 14, 24, 32, 37, 54, 57, 141, 26, C1, C2, 102  Renfe: Atocha",['Accesible'],http://www.madrid.es/sites/v/index.jsp?vgnextchannel=bfa48ab43d6bb410VgnVCM100000171f5a0aRCRD&vgnextoid=361cef4d7f71c010VgnVCM1000000b205a0aRCRD,JULIAN GAYARRE,CALLE,V,3.0,MADRID,MADRID,28014,PACIFICO,RETIRO,442012,4473070,40.40622617519116,-3.683413041846525,91 4548800,info@patrimonionacional.es
Parroquia Santa Cruz,Descripción no disponible,"SANTA MISA Diario: 9, 11.30 y  20h. Miércoles (Julio y Agosto): 9, 11, 12.30, 18 y 20h. Domingos y preceptos:10, 11.30, 13 y 20h. VISITA EL TEMPLO Diario: de 8.30 a 13h y de 17 a 21h. Miércoles (Julio y Agosto): de 8 a 14h y de 17 a 21h. Domingos y preceptos: de 9.30 a 14h y de 17 a 21h.",Equipamiento no disponible,"Metro: Sol (líneas 1, 2 y 3), Tirso de Molina (línea 1).  Bus: 50, SE712, 26, 32, 6, 65, 18, 23, 17, 002, M1, 31.  Cercanías Renfe: Sol (líneas C3, C4 y Regional).  Bicimad: Estaciones 32 (plaza de la Provincia, 1), 34 (plaza de Jacinto Benavente), 40 (plaza del Conde Romanones, 9).  Aparcamientos: Plaza Mayor (55) y Jacinto Benavente (15) plaza Jacinto Benavente.",['Sin información sobre accesibilidad para personas con movilidad reducida'],http://www.madrid.es/sites/v/index.jsp?vgnextchannel=bfa48ab43d6bb410VgnVCM100000171f5a0aRCRD&vgnextoid=40e0b069a541f010VgnVCM1000000b205a0aRCRD,ATOCHA,CALLE,V,6.0,MADRID,MADRID,28012,SOL,CENTRO,440165,4474015,40.41461498641368,-3.7052543046190265,913 691 239,santacruz@archimadrid.es
Planetario de Madrid,"Inaugurado el 29 de septiembre de 1986, es un centro dependiente del Área de Cultura, Turismo y Deporte del Ayuntamiento de Madrid. Durante los años 2016/2017 fue sometido a una profunda renovación tanto tecnológica como de las instalaciones y edificio, posible en virtud de un acuerdo de colaboración entre el Ayuntamiento de Madrid y la Obra Social &amp;ldquo;la Caixa&amp;rdquo; &amp;ndash; que incluye dotación de contenidos, renovación de exposiciones y la realización de actividades varias en el campo de la divulgación científica. Siempre con el fin de contribuir a la difusión de la astronomía y de la ciencia en general, tanto entre escolares como entre el público de cualquier edad y condición, posee una variada oferta de proyecciones audiovisuales, exposiciones y actividades (talleres, cursos, conferencias, observaciones públicas...). Las proyecciones que se ofrecen en el Planetario de Madrid se renuevan periódicamente y tienen una duración aproximada de 30 minutos. Existen dos programaciones básicas diferentes: una activa durante el verano y época de vacaciones escolares, y otra durante el curso escolar. Durante el curso escolar, las proyecciones de las mañanas de los días lectivos se reservan a escolares.   Video de presentación del centro  Planetario en  Google Maps","Horario del centro (hasta 15 septiembre): De martes a domingo, de 10:30 a 13:45 h y de 17 a 19:45 h.     Cerrado: Todos los lunes del año. Días 1 y 6 de enero; 1 de mayo; 24, 25 y 31 de diciembre.   Horario de proyecciones .","Sala de Proyección. Planta calle. Para acceder a ella es necesario adquirir una entrada.   Cuatro áreas expositivas de acceso gratuito, distribuidas en dos plantas:   Sala de Astrónomos. Planta baja. Vestíbulo de la planta baja. Vestíbulo de la planta calle. Zona Audiovisual con pantalla de retroproyección. Planta calle.      Sala de Video. Planta baja, en donde se desarrollan los talleres ofertados.","Metro: Méndez Álvaro (línea 6). Bus: 148, 156. BICIMAD: Estación 177 (Calle Bolívar 3).  Planetario en  Google Maps","['Accesible', 'Bucle de inducción magnético']",http://www.madrid.es/sites/v/index.jsp?vgnextchannel=bfa48ab43d6bb410VgnVCM100000171f5a0aRCRD&vgnextoid=c9c5b069a541f010VgnVCM1000000b205a0aRCRD,PLANETARIO,AVENIDA,V,16.0,MADRID,MADRID,28045,LEGAZPI,ARGANZUELA,441868,4471523,40.39227999954005,-3.684956957448299,"914 673 461 (reserva grupos)                                                                                                                                                                                                                                                                                                                                                                                                                                               
914 673 898 (contestador automático de información)",buzon@planetmad.es
Real Basílica San Francisco el Grande,"Conjunto conventual que sustituyó al monasterio franciscano medieval, construido por Francisco de las Cabezas entre 1761 y 1768, que fue relevado por Antonio Polo y que concluye Francisco Sabatini en 1784 donde se exponen colecciones de pinturas de los siglos XVII al XIX.","Visita Guiada Museo:    De martes a sábado de 10:30 a 13:30 y de 16 a 17:30 horas.  Julio, agosto y septiembre: de martes a viernes de 10:30 a 14:30 horas.",Equipamiento no disponible,"Metro: La Latina (línea 5), Puerta de Toledo (línea 5).  Bus: 148, 3, 60.  Bicimad: Estación 37 (Plaza San Francisco, 5).  Aparcamiento: Parking VOT (97), Ventosa.",['Accesible'],http://www.madrid.es/sites/v/index.jsp?vgnextchannel=bfa48ab43d6bb410VgnVCM100000171f5a0aRCRD&vgnextoid=ef8d0713fb71c010VgnVCM1000000b205a0aRCRD,SAN BUENAVENTURA,CALLE,V,1.0,MADRID,MADRID,28005,PALACIO,CENTRO,439377,4473603,40.41084698628934,-3.714492963837602,913 653 800,Email no disponible
Real Fábrica de Tapices,Descripción no disponible,"Lunes a viernes, de 10 a 14 horas.",Equipamiento no disponible,"Metro: Menéndez Pelayo (línea 1).  Bus: 10, 14, 26, 32, C1, C2, 141, 24, 37, 54, 57, 152.  Bicimad: Estación 79 (avenida de menéndez Pelayo, 38).  Cercanías Renfe: Atocha (líneas C1, C2, C3, C4, C4a, C4b, C5, C7, C10 y Regional).",['Sin información sobre accesibilidad para personas con movilidad reducida'],http://www.madrid.es/sites/v/index.jsp?vgnextchannel=bfa48ab43d6bb410VgnVCM100000171f5a0aRCRD&vgnextoid=53cbff632081c010VgnVCM1000000b205a0aRCRD,FUENTERRABIA,CALLE,V,2.0,MADRID,MADRID,28014,PACIFICO,RETIRO,442087,4473054,40.406094596697045,-3.68250921302324,914 340 550,informacion@realfabricadetapices.com
Real Monasterio de Santa Isabel,"El Real Monasterio de Santa Isabel está situado en Madrid, dentro de la ciudad histórica, en una gran manzana, próxima a Atocha. Santa Isabel agrupa dos fundaciones, un colegio de niñas, establecido por Felipe II, y un convento de clausura de monjas agustinas recoletas, fundado por la esposa de Felipe III, doña Margarita de Austria. La arquitectura de la iglesia se debe a Gómez de Mora, de mediados del siglo XVIII. En la clausura se conservan numerosas obras pictóricas de los siglos XVII y XVIII.",El acceso al templo sólo es posible en horario de culto.,Equipamiento no disponible,"Metro: Estación del Arte (Atocha) (línea 1)  Bus: 26, 32, 6, 27, 34, C1  Renfe: Atocha",['Sin información sobre accesibilidad para personas con movilidad reducida'],http://www.madrid.es/sites/v/index.jsp?vgnextchannel=bfa48ab43d6bb410VgnVCM100000171f5a0aRCRD&vgnextoid=545b544a249c6110VgnVCM1000000b205a0aRCRD,SANTA ISABEL,CALLE,V,48.0,MADRID,MADRID,28012,EMBAJADORES,CENTRO,440926,4473438,40.409468201532654,-3.696232255860979,915 39 37 20,info@patrimonionacional.es
Real Monasterio de la Encarnación,"Edificio construído por Juan Gómez de Mora de 1611 a 1616 como monasterio anejo al Alcázar Real, modelo de lo que se ha dado en llamar barroco madrileño. Cuenta con la reliquia de San Pantaleón.","Martes a sábado, de 10 a 14 y de 16 a 18:30 horas, Domingos y festivos, de 10 a 15 horas.",Equipamiento no disponible,"Metro: Ópera (líneas 2, 5 y Ramal Ópera Príncipe Pío), Plaza de España (líneas 3, 10)  Bus: 3, 25, 39, 148, 46, 62, 75  Bicimad: Estación 25 a y b (Plaza Celenque, 1)  Aparcamiento: Calle de Isabel la Católica",['Sin información sobre accesibilidad para personas con movilidad reducida'],http://www.madrid.es/sites/v/index.jsp?vgnextchannel=bfa48ab43d6bb410VgnVCM100000171f5a0aRCRD&vgnextoid=72ad0713fb71c010VgnVCM1000000b205a0aRCRD,ENCARNACION,PLAZA,V,1.0,MADRID,MADRID,28013,PALACIO,CENTRO,439634,4474582,40.4196839293774,-3.711560958403125,914 54 88 00,info@patrimonionacional.es
Real Monasterio de las Descalzas Reales,"Convento fundado por la Princesa Juana de Austria, transformando un antiguo palacio de su madre Isabel de Portugal.","Martes a sábado, de 10 a 14 y de 16 a 18:30 horas. Domingos y festivos, de 10 a 15 horas. Solo visitas guiadas.",Equipamiento no disponible,"Metro: Ópera (líneas 2, 5 y Ramal Ópera-Príncipe Pío).  Bus: SE712  Bicimad: Estación 25 a y b (Plaza de Celenque)  Aparcamiento: Descalzas (20), Plaza Descalzas y Plaza San Martín / El Corte Inglés Preciados (93), Calle Preciados",['Sin información sobre accesibilidad para personas con movilidad reducida'],http://www.madrid.es/sites/v/index.jsp?vgnextchannel=bfa48ab43d6bb410VgnVCM100000171f5a0aRCRD&vgnextoid=12e113db5b71c010VgnVCM1000000b205a0aRCRD,DESCALZAS,PLAZA,V,3.0,MADRID,MADRID,28013,SOL,CENTRO,440087,4474418,40.4182401043926,-3.7062038988539383,914 54 88 00,info@patrimonionacional.es
Templo de Debod,"Templo egipcio dedicado a Amón de Debod y a Isis, construido entre 185 AC y el siglo I de la Era. Fue donado por Egipto a España en 1968, en agradecimiento por la ayuda en el salvamento de los templos de Abu Simbel.  Egyptian temple dedicated to Amun of Debod and Isis. It was built between 185 BC and the 1st century. It was donated by Egypt to Spain in 1968 for its help in the rescue of the temples of Abu Simbel.","Martes a domingo y festivos, de 10 a 19  horas.  Cerrado todos los lunes (incluidos lunes festivos) y los días 1 y 6 de enero, 1 de mayo, 24, 25 y 31 de diciembre. Último pase de visita 30 minutos antes del cierre. El horario y la apertura de salas pueden sufrir modificaciones. Por favor, confírmelo en el teléfono de información del museo.","Obtención de información sobre sus fondos y colecciones con fines de investigación, enseñanza o difusión.   Se pueden realizar fotografías o grabaciones de vídeo libremente en el exterior o en el interior del templo, siempre y cuando no se utilicen flash o trípode y su fin no sea comercial. Para la obtención de reproducciones de fotografías del archivo del templo de Debod con fines editoriales, de investigación, difusión o comerciales el interesado deberá cumplimentar la solicitud de Reproducciones Fotográficas. La realización de reportajes fotográficos y grabaciones profesionales en el recinto del templo de Debod (estanque delantero, plataformas y edificio) sólo será autorizada cuando los fines para los que se solicita sean la divulgación y difusión cultural del monumento o de las actividades museísticas que en él se desarrollen. Cualquier otra finalidad, gratuita o comercial, será desestimada. El horario de información telefónica y telemática del Templo de Debod es de lunes a viernes de 8 a 15 horas. Fuera de este horario puede utilizar el teléfono gratuito de Línea Madridl 010 (915 298 210, si llama desde fuera de la ciudad de Madrid, con el prefijo 34 si llama desde fuera de España).","Metro: Plaza de España (líneas 3 y 10) y Ventura Rodríguez (línea 3) Bus: 1, 2, 3, 25, 39, 44, 46, 74, 75, 133, 138, 148, C1 y C2 Renfe: Príncipe Pío  Bus turístico: Ruta 1. PARADA 10 - Templo de Debod Otras formas de acceso:   Aparcamiento de coches: dentro del Área de Estacionamiento Regulado de la ciudad de Madrid.  BICIMAD (Servicio público de bicicletas de la ciudad de Madrid): Estación 115 (calle Evaristo San Miguel s/n.,entre Paseo Pintor Rosales y calle Ferraz)","['No accesible', 'Bucle de inducción magnético']",http://www.madrid.es/sites/v/index.jsp?vgnextchannel=bfa48ab43d6bb410VgnVCM100000171f5a0aRCRD&vgnextoid=13b432df1d51c010VgnVCM2000000c205a0aRCRD,FERRAZ,CALLE,V,1.0,MADRID,MADRID,28008,CASA DE CAMPO,MONCLOA-ARAVACA,439218,4475093,40.42425096551599,-3.716531855540272,913 667 415 (Museo de San Isidro / Templo de Debod),templodebod@madrid.es
The Robot Museum (Museo del Robot),Descripción no disponible,"Martes, miércoes y jueves: De 16:20a 19:20.  Viernes:  De 16:20 a 20:20 horas.   Sábados: De 12:20 a 20:20 horas.",Equipamiento no disponible,"Metro: Ruben Darío (línea 5), Nuñez de Balboa (líneas 5 y 9).  Bus: 19, 51, 9, 14, 150, 27, 45, 5, 1, 74.  Bicimad: Estaciones 142 (paseo de la Castellana, 42), 103 (calle José Ortega y Gasset, 4).",['Sin información sobre accesibilidad para personas con movilidad reducida'],http://www.madrid.es/sites/v/index.jsp?vgnextchannel=bfa48ab43d6bb410VgnVCM100000171f5a0aRCRD&vgnextoid=e0b7b8dc8f719410VgnVCM1000000b205a0aRCRD,SERRANO,CALLE,V,61.0,MADRID,MADRID,28006,CASTELLANA,SALAMANCA,441732,4475957,40.43221485554042,-3.686955142227008,644 326 470,Email no disponible
Yacimiento paleontológico. Estación de Metro Carpetana,"Durante las obras de remodelación de la estación de Carpetana se descubrieron restos paleontológicos con valiosos hallazgos del Mioceno, lo que ha hecho posible una reconstrucción de los paleoambientes en dos yacimientos verticales.","Todos los días durante la apertura de la estación, de 6 a 1:30 horas.",Equipamiento no disponible,"Metro: Carpetana (línea 6).  Bus: 119, 55, 17, 25.",['Accesible'],http://www.madrid.es/sites/v/index.jsp?vgnextchannel=bfa48ab43d6bb410VgnVCM100000171f5a0aRCRD&vgnextoid=05fbb57fd3c70410VgnVCM1000000b205a0aRCRD,VIA CARPETANA,CALLE,V,141.0,MADRID,MADRID,28047,VISTA ALEGRE,CARABANCHEL,437086,4471590,40.39254099575156,-3.741302617328605,No disponible,Email no disponible
Zapadores Ciudad del Arte,Descripción no disponible,"Miércoles a domingo, de 12 a 18 horas.",Equipamiento no disponible,Zapadores Ciudad del Arte se encuentra en la zona norte de la ciudad de Madrid en el distrito de Fuencarral-El Pardo. La mejor manera de llegar en transporte público es en tren Cercanias. La parada es FUENCARRAL que está a tres/cuatro paradas de la puerta del Sol y Atocha.,['Sin información sobre accesibilidad para personas con movilidad reducida'],http://www.madrid.es/sites/v/index.jsp?vgnextchannel=bfa48ab43d6bb410VgnVCM100000171f5a0aRCRD&vgnextoid=c30ab3683ea58610VgnVCM2000001f4a900aRCRD,ANTONIO DE CABEZON,CALLE,V,70.0,MADRID,MADRID,28034,VALVERDE,FUENCARRAL-EL PARDO,442223,4483003,40.49572804745456,-3.6818117500732046,No disponible,Email no disponible
